Workbook

Sheet DWHTB一覧
A1: ◆DWHTB定義一覧
B3: 下記にDWHのTB一覧を記す。
B4: No | C4: 全社用 | D4: 拠点用 | E4: テーブル種別 | F4: マート名 | H4: 全社用レポート | M4: 拠点用レポート | R4: 取得元システム | S4: 説明 | T4: 備考
F5: 物理名 | G5: 論理名 | H5: 稼働 データ | I5: 設備稼働率 | J5: 設備IoTデータ | K5: 寸法検査 | L5: 品質記録 | M5: 稼働 データ | N5: 設備稼働率 | O5: 設備IoTデータ | P5: 寸法検査 | Q5: 品質記録
B6: M01 | C6: ● | E6: マスタ | F6: mst_line | G6: ライン一覧マスタ | H6: ● | I6: ● | K6: ● | L6: ● | R6: NAS | S6: ライン一覧のマスタ
B7: M02 | C7: ● | E7: マスタ | F7: mst_stop_reason | G7: 停止要因マスタ | H7: ● | I7: ● | R7: NAS | S7: STOP_LOGの停止要因と紐づくマスタ
B8: M03 | C8: ● | E8: マスタ | F8: mst_cav | G8: cavマスタ | K8: ● | R8: cav情報マスタ.xlsx | S8: 寸法検査レポート用。数値検査_LOGからキャビ情報のみを手で抜き出した疑似マスタ | T8: 熊谷さん手作成
B9: M04 | C9: ● | E9: マスタ | F9: mst_supplier | G9: SUPPLIERマスタ | H9: ● | I9: ● | L9: ● | R9: SUPPLIER_MASTER.csv | S9: 協力会社一覧のマスタ | T9: 熊谷さん手作成
B10: T01 | C10: ● | E10: トランザクション | F10: stop_log | G10: STOP_LOG | H10: ● | I10: ● | R10: NAS | S10: マシンのステータスが遷移したタイミングでレコードを作成。1日の基準時間は8:00:01～翌8:00:00で1ファイルとなる
B11: T02 | C11: ● | E11: トランザクション | F11: prod_log | G11: PROD_LOG | H11: ● | I11: ● | R11: NAS | S11: 1時間毎に1レコードの生産数を生成。1日の基準時間は8:00:01～翌8:00:00で1ファイルが25レコードとなる
B12: T03 | C12: ● | E12: トランザクション | F12: nc_log | G12: 数値検査_LOG | K12: ● | R12: NAS | S12: 寸法検査レポートのソース。このLOG自体にはキャビ情報と検査値が混在している為、レポートで検査値のみに加工して使用
B13: T04 | C13: ● | E13: トランザクション | F13: qr_h_log | G13: 品質記録_ヘッダ_LOG | L13: ● | R13: NAS | S13: 品質記録レポートのソース。製造書指示番号ごとの生産数が最小単位。ヘッダで不良数とLeftjoinして使用できる
B14: T05 | C14: ● | E14: トランザクション | F14: qr_d_log | G14: 品質記録_不良数_LOG | L14: ● | R14: NAS | S14: 品質記録レポートのソース。製造書指示番号 > 中項目ごとの不良数が最小単位
D15: ● | E15: マスタ | F15: mst_ライン一覧 | G15: ライン一覧マスタ | M15: ● | N15: ● | R15: NAS | S15: ライン一覧のマスタ
D16: ● | E16: マスタ | F16: mst_停止要因 | G16: 停止要因マスタ | M16: ● | N16: ● | R16: NAS | S16: STOP_LOGの停止要因と紐づくマスタ
D17: ● | E17: トランザクション | F17: STOP_LOG | G17: STOP_LOG | M17: ● | N17: ● | R17: NAS | S17: マシンのステータスが遷移したタイミングでレコードを作成。1日の基準時間は8:00:01～翌8:00:00で1ファイルとなる
D18: ● | E18: トランザクション | F18: PROD_LOG | G18: PROD_LOG | M18: ● | N18: ● | R18: NAS | S18: 1時間毎に1レコードの生産数を生成。1日の基準時間は8:00:01～翌8:00:00で1ファイルが25レコードとなる
D19: ● | E19: トランザクション | F19: MC_LOG | G19: MC_LOG | O19: ●

Sheet ライン一覧マスタ
A1: テーブル一覧シートへ
A2: No | C2: M01
A3: テーブル種別 | C3: =_xlfn.XLOOKUP($C$2,DWHTB一覧!$B:$B,DWHTB一覧!$E:$E) -> マスタ
A4: テーブル物理名 | C4: =_xlfn.XLOOKUP($C$2,DWHTB一覧!$B:$B,DWHTB一覧!$F:$F) -> mst_line
A5: テーブル論理名 | C5: =_xlfn.XLOOKUP($C$2,DWHTB一覧!$B:$B,DWHTB一覧!$G:$G) -> ライン一覧マスタ
A6: 取得元システム | C6: =_xlfn.XLOOKUP($C$2,DWHTB一覧!$B:$B,DWHTB一覧!$R:$R) -> NAS
A8: No | B8: CSV列名 | C8: SnowFlake列名 | D8: データ型 | E8: 備考
A9: =ROW()-8 -> 1 | B9: Location | C9: location | D9: STRING
A10: =ROW()-8 -> 2 | B10: ラインNo | C10: line_no | D10: STRING
A11: =ROW()-8 -> 3 | B11: PF名 | C11: pf_name | D11: STRING
A12: =ROW()-8 -> 4 | B12: 製品形 | C12: product_type | D12: STRING

Sheet 停止要因マスタ
A1: テーブル一覧シートへ
A2: No | C2: M02
A3: テーブル種別 | C3: =_xlfn.XLOOKUP($C$2,DWHTB一覧!$B:$B,DWHTB一覧!$E:$E) -> マスタ
A4: テーブル物理名 | C4: =_xlfn.XLOOKUP($C$2,DWHTB一覧!$B:$B,DWHTB一覧!$F:$F) -> mst_stop_reason
A5: テーブル論理名 | C5: =_xlfn.XLOOKUP($C$2,DWHTB一覧!$B:$B,DWHTB一覧!$G:$G) -> 停止要因マスタ
A6: 取得元システム | C6: =_xlfn.XLOOKUP($C$2,DWHTB一覧!$B:$B,DWHTB一覧!$R:$R) -> NAS
A8: No | B8: CSV列名 | C8: SnowFlake列名 | D8: データ型 | E8: 備考
A9: =ROW()-8 -> 1 | B9: 要因No. | C9: factor_no | D9: STRING
A10: =ROW()-8 -> 2 | B10: 停止要因項目 | C10: stop_reason | D10: STRING

Sheet cavマスタ
A1: テーブル一覧シートへ
A2: No | C2: M03
A3: テーブル種別 | C3: =_xlfn.XLOOKUP($C$2,DWHTB一覧!$B:$B,DWHTB一覧!$E:$E) -> マスタ
A4: テーブル物理名 | C4: =_xlfn.XLOOKUP($C$2,DWHTB一覧!$B:$B,DWHTB一覧!$F:$F) -> mst_cav
A5: テーブル論理名 | C5: =_xlfn.XLOOKUP($C$2,DWHTB一覧!$B:$B,DWHTB一覧!$G:$G) -> cavマスタ
A6: 取得元システム | C6: =_xlfn.XLOOKUP($C$2,DWHTB一覧!$B:$B,DWHTB一覧!$R:$R) -> cav情報マスタ.xlsx
A8: No | B8: CSV列名 | C8: SnowFlake列名 | D8: データ型 | E8: 備考
A9: =ROW()-8 -> 1 | B9: チェックシートSEQ | C9: checksheet_seq | D9: STRING
A10: =ROW()-8 -> 2 | B10: チェックシート帳票名 | C10: checksheet_name | D10: STRING
A11: =ROW()-8 -> 3 | B11: 測定箇所SEQ | C11: measurement_point_seq | D11: STRING
A12: =ROW()-8 -> 4 | B12: 測定箇所名 | C12: measurement_point_name | D12: STRING
A13: =ROW()-8 -> 5 | B13: データID | C13: data_id | D13: STRING

Sheet SUPPLIERマスタ
A1: テーブル一覧シートへ
A2: No | C2: M04
A3: テーブル種別 | C3: =_xlfn.XLOOKUP($C$2,DWHTB一覧!$B:$B,DWHTB一覧!$E:$E) -> マスタ
A4: テーブル物理名 | C4: =_xlfn.XLOOKUP($C$2,DWHTB一覧!$B:$B,DWHTB一覧!$F:$F) -> mst_supplier
A5: テーブル論理名 | C5: =_xlfn.XLOOKUP($C$2,DWHTB一覧!$B:$B,DWHTB一覧!$G:$G) -> SUPPLIERマスタ
A6: 取得元システム | C6: =_xlfn.XLOOKUP($C$2,DWHTB一覧!$B:$B,DWHTB一覧!$R:$R) -> SUPPLIER_MASTER.csv
A8: No | B8: CSV列名 | C8: SnowFlake列名 | D8: データ型 | E8: 備考
A9: =ROW()-8 -> 1 | B9: 手配先コード | C9: delivery_code | D9: STRING
A10: =ROW()-8 -> 2 | B10: 手配先名 | C10: delivery_name | D10: STRING

Sheet STOP_LOG
A1: テーブル一覧シートへ
A2: No | C2: T01
A3: テーブル種別 | C3: =_xlfn.XLOOKUP($C$2,DWHTB一覧!$B:$B,DWHTB一覧!$E:$E) -> トランザクション
A4: テーブル物理名 | C4: =_xlfn.XLOOKUP($C$2,DWHTB一覧!$B:$B,DWHTB一覧!$F:$F) -> stop_log
A5: テーブル論理名 | C5: =_xlfn.XLOOKUP($C$2,DWHTB一覧!$B:$B,DWHTB一覧!$G:$G) -> STOP_LOG
A6: 取得元システム | C6: =_xlfn.XLOOKUP($C$2,DWHTB一覧!$B:$B,DWHTB一覧!$R:$R) -> NAS
A8: No | B8: CSV列名 | C8: SnowFlake列名 | D8: データ型 | E8: 備考
A9: =ROW()-8 -> 1 | B9: 時刻 | C9: timestamp | D9: TIMESTAMP
A10: =ROW()-8 -> 2 | B10: Nコード | C10: n_code | D10: STRING
A11: =ROW()-8 -> 3 | B11: 手配先コード | C11: delivery_code | D11: STRING
A12: =ROW()-8 -> 4 | B12: ラインNo | C12: line_no | D12: STRING
A13: =ROW()-8 -> 5 | B13: 稼働ステータス | C13: operation_status | D13: STRING
A14: =ROW()-8 -> 6 | B14: 要因No | C14: factor_no | D14: STRING

Sheet PROD_LOG
A1: テーブル一覧シートへ
A2: No | C2: T02
A3: テーブル種別 | C3: =_xlfn.XLOOKUP($C$2,DWHTB一覧!$B:$B,DWHTB一覧!$E:$E) -> トランザクション
A4: テーブル物理名 | C4: =_xlfn.XLOOKUP($C$2,DWHTB一覧!$B:$B,DWHTB一覧!$F:$F) -> prod_log
A5: テーブル論理名 | C5: =_xlfn.XLOOKUP($C$2,DWHTB一覧!$B:$B,DWHTB一覧!$G:$G) -> PROD_LOG
A6: 取得元システム | C6: =_xlfn.XLOOKUP($C$2,DWHTB一覧!$B:$B,DWHTB一覧!$R:$R) -> NAS
A8: No | B8: CSV列名 | C8: SnowFlake列名 | D8: データ型 | E8: 備考
A9: =ROW()-8 -> 1 | B9: 時刻 | C9: timestamp | D9: TIMESTAMP
A10: =ROW()-8 -> 2 | B10: Nコード | C10: n_code | D10: STRING
A11: =ROW()-8 -> 3 | B11: 手配先コード | C11: delivery_code | D11: STRING
A12: =ROW()-8 -> 4 | B12: ラインNo | C12: line_no | D12: STRING
A13: =ROW()-8 -> 5 | B13: 生産ステータス | C13: production_status | D13: STRING | E13: 生産ステータス
A14: =ROW()-8 -> 6 | B14: 投入数 | C14: input_count | D14: STRING
A15: =ROW()-8 -> 7 | B15: 生産数 | C15: production_count | D15: STRING
A16: =ROW()-8 -> 8 | B16: 梱包数 | C16: packing_count | D16: STRING
A17: =ROW()-8 -> 9 | B17: 現在計画数 | C17: current_plan_count | D17: STRING
A18: =ROW()-8 -> 10 | B18: 進捗率 | C18: progress_rate | D18: STRING
A19: =ROW()-8 -> 11 | B19: 計画数 | C19: plan_count | D19: STRING
A20: =ROW()-8 -> 12 | B20: 計画マシンタクト | C20: planned_machine_tact | D20: STRING
A21: =ROW()-8 -> 13 | B21: 平均タクト | C21: average_tact | D21: STRING
A22: =ROW()-8 -> 14 | B22: 不良数 | C22: defect_count | D22: STRING
A23: =ROW()-8 -> 15 | B23: 不良率ppm | C23: defect_rate_ppm | D23: STRING

Sheet 数値検査_LOG
A1: テーブル一覧シートへ
A2: No | C2: T03
A3: テーブル種別 | C3: =_xlfn.XLOOKUP($C$2,DWHTB一覧!$B:$B,DWHTB一覧!$E:$E) -> トランザクション
A4: テーブル物理名 | C4: =_xlfn.XLOOKUP($C$2,DWHTB一覧!$B:$B,DWHTB一覧!$F:$F) -> nc_log
A5: テーブル論理名 | C5: =_xlfn.XLOOKUP($C$2,DWHTB一覧!$B:$B,DWHTB一覧!$G:$G) -> 数値検査_LOG
A6: 取得元システム | C6: =_xlfn.XLOOKUP($C$2,DWHTB一覧!$B:$B,DWHTB一覧!$R:$R) -> NAS
A8: No | B8: CSV列名 | C8: SnowFlake列名 | D8: データ型 | E8: 備考
A9: =ROW()-8 -> 1 | B9: チェックシートSEQ | C9: checksheet_seq | D9: STRING
A10: =ROW()-8 -> 2 | B10: チェックシート帳票名 | C10: checksheet_name | D10: STRING
A11: =ROW()-8 -> 3 | B11: 手配先コード | C11: delivery_code | D11: STRING
A12: =ROW()-8 -> 4 | B12: 手配先名 | C12: delivery_name | D12: STRING
A13: =ROW()-8 -> 5 | B13: ラインNo. | C13: line_no | D13: STRING
A14: =ROW()-8 -> 6 | B14: 製造書指示番号 | C14: manufacturing_order_no | D14: STRING
A15: =ROW()-8 -> 7 | B15: ロットNo | C15: lot_no | D15: STRING
A16: =ROW()-8 -> 8 | B16: 着手日 | C16: start_date | D16: DATE
A17: =ROW()-8 -> 9 | B17: 品目コード | C17: item_code | D17: STRING
A18: =ROW()-8 -> 10 | B18: 品名 | C18: item_name | D18: STRING
A19: =ROW()-8 -> 11 | B19: 測定箇所SEQ | C19: measurement_point_seq | D19: STRING
A20: =ROW()-8 -> 12 | B20: 測定箇所名 | C20: measurement_point_name | D20: STRING
... A33: =ROW()-8 -> 25 | B33: R_LCL | C33: r_lcl | D33: STRING

Sheet 品質記録_ヘッダ_LOG
A1: テーブル一覧シートへ
A2: No | C2: T04
A3: テーブル種別 | C3: =_xlfn.XLOOKUP($C$2,DWHTB一覧!$B:$B,DWHTB一覧!$E:$E) -> トランザクション
A4: テーブル物理名 | C4: =_xlfn.XLOOKUP($C$2,DWHTB一覧!$B:$B,DWHTB一覧!$F:$F) -> qr_h_log
A5: テーブル論理名 | C5: =_xlfn.XLOOKUP($C$2,DWHTB一覧!$B:$B,DWHTB一覧!$G:$G) -> 品質記録_ヘッダ_LOG
A6: 取得元システム | C6: =_xlfn.XLOOKUP($C$2,DWHTB一覧!$B:$B,DWHTB一覧!$R:$R) -> NAS
A8: No | B8: CSV列名 | C8: SnowFlake列名 | D8: データ型 | E8: 備考
A9: =ROW()-8 -> 1 | B9: 製造書指示番号 | C9: manufacturing_order_no | D9: STRING
A10: =ROW()-8 -> 2 | B10: 手配先コード | C10: delivery_code | D10: STRING
A11: =ROW()-8 -> 3 | B11: ラインNo. | C11: line_no | D11: STRING
A12: =ROW()-8 -> 4 | B12: ロット | C12: lot_no | D12: STRING
A13: =ROW()-8 -> 5 | B13: ロットNo（着手日） | C13: start_date | D13: DATE
A14: =ROW()-8 -> 6 | B14: CLコード | C14: cl_code | D14: STRING
A15: =ROW()-8 -> 7 | B15: 製品名 | C15: product_name | D15: STRING
A16: =ROW()-8 -> 8 | B16: 生産数 | C16: production_count | D16: STRING

Sheet 品質記録_不良数_LOG
A1: テーブル一覧シートへ
A2: No | C2: T05
A3: テーブル種別 | C3: =_xlfn.XLOOKUP($C$2,DWHTB一覧!$B:$B,DWHTB一覧!$E:$E) -> トランザクション
A4: テーブル物理名 | C4: =_xlfn.XLOOKUP($C$2,DWHTB一覧!$B:$B,DWHTB一覧!$F:$F) -> qr_d_log
A5: テーブル論理名 | C5: =_xlfn.XLOOKUP($C$2,DWHTB一覧!$B:$B,DWHTB一覧!$G:$G) -> 品質記録_不良数_LOG
A6: 取得元システム | C6: =_xlfn.XLOOKUP($C$2,DWHTB一覧!$B:$B,DWHTB一覧!$R:$R) -> NAS
A8: No | B8: CSV列名 | C8: SnowFlake列名 | D8: データ型 | E8: 備考
A9: =ROW()-8 -> 1 | B9: 製造書指示番号 | C9: manufacturing_order_no | D9: STRING
A10: =ROW()-8 -> 2 | B10: ロットNo（着手日） | C10: start_date | D10: DATE
A11: =ROW()-8 -> 3 | B11: 大項目 | C11: main_item | D11: STRING
A12: =ROW()-8 -> 4 | B12: 中項目 | C12: sub_item | D12: STRING
A13: =ROW()-8 -> 5 | B13: 小項目 | C13: minor_item | D13: STRING
A14: =ROW()-8 -> 6 | B14: 不良数 | C14: defect_count | D14: STRING
A15: =ROW()-8 -> 7 | B15: 基準数 | C15: standard_count | D15: STRING

Sheet カラム一覧
A1: No | B1: CSV列名 | C1: SnowFlake列名 | D1: データ型
A2: 1 | B2: Location | C2: location | D2: STRING
A3: 2 | B3: ラインNo | C3: line_no | D3: STRING
A4: 3 | B4: PF名 | C4: pf_name | D4: STRING
A5: 4 | B5: 製品形 | C5: product_type | D5: STRING
A6: 5 | B6: 要因No. | C6: factor_no | D6: STRING
A7: 6 | B7: 停止要因項目 | C7: stop_reason | D7: STRING
A8: 7 | B8: チェックシートSEQ | C8: checksheet_seq | D8: STRING
A9: 8 | B9: チェックシート帳票名 | C9: checksheet_name | D9: STRING
A10: 9 | B10: 測定箇所SEQ | C10: measurement_point_seq | D10: STRING
A11: 10 | B11: 測定箇所名 | C11: measurement_point_name | D11: STRING
A12: 11 | B12: データID | C12: data_id | D12: STRING
A13: 12 | B13: 手配先コード | C13: delivery_code | D13: STRING
... A75: 84 | B75: 基準数 | C75: standard_count | D75: STRING
