Workbook

Sheet テーブル一覧
A1: ◆データマート定義一覧
B3: 下記にデータマートの一覧を記す。
B4: No | C4: テーブル種別 | D4: マート名 | F4: 取得元システム | G4: 説明 | H4: 備考
D5: 物理名 | E5: 論理名
B6: M01 | C6: マスタ | D6: mst_ライン一覧 | E6: ライン一覧マスタ | F6: NAS | G6: ライン一覧のマスタ
B7: M02 | C7: マスタ | D7: mst_停止要因 | E7: 停止要因マスタ | F7: NAS | G7: STOP_LOGの停止要因と紐づくマスタ
B8: M03 | C8: マスタ | D8: mst_手配先 | E8: 手配先マスタ | F8: NAS | G8: 手配先のマスタ
B9: M04 | C9: マスタ | D9: mst_cav一覧 | E9: cavマスタ | F9: cav情報マスタ.xlsx | G9: 寸法検査レポート用。数値検査_LOGからキャビ情報のみを手で抜き出した疑似マスタ | H9: 熊谷さん手作成
B10: T01 | C10: トランザクション | D10: STOP_LOG | E10: STOP_LOG | F10: NAS | G10: マシンのステータスが遷移したタイミングでレコードを作成。1日の基準時間は8:00:01～翌8:00:00で1ファイルとなる
B11: T02 | C11: トランザクション | D11: PROD_LOG | E11: PROD_LOG | F11: NAS | G11: 1時間毎に1レコードの生産数を生成。1日の基準時間は8:00:01～翌8:00:00で1ファイルが25レコードとなる
B12: T03 | C12: トランザクション | D12: 数値検査_LOG | E12: 数値検査_LOG | F12: NAS | G12: 寸法検査レポートのソース。このLOG自体にはキャビ情報と検査値が混在している為、レポートで検査値のみに加工して使用
A14: ◆その他前提事項
B15: logの取り込み期間はデフォルトで2か月とする

Sheet ライン一覧マスタ
A1: テーブル一覧シートへ
A2: No | C2: M01
A3: テーブル種別 | C3: =_xlfn.XLOOKUP($C$2,テーブル一覧!$B:$B,テーブル一覧!$C:$C) -> マスタ
A4: テーブル物理名 | C4: =_xlfn.XLOOKUP($C$2,テーブル一覧!$B:$B,テーブル一覧!$D:$D) -> mst_ライン一覧
A5: テーブル論理名 | C5: =_xlfn.XLOOKUP($C$2,テーブル一覧!$B:$B,テーブル一覧!$E:$E) -> ライン一覧マスタ
A6: 取得元システム | C6: =_xlfn.XLOOKUP($C$2,テーブル一覧!$B:$B,テーブル一覧!$F:$F) -> NAS
A8: No | B8: 列名 | C8: 概要 | D8: 凡例 | E8: 備考
A9: =ROW()-8 -> 1 | B9: Location | C9: グループ名、協力会社などロケーションを識別 | D9: 1Gr
A10: =ROW()-8 -> 2 | B10: ラインNo | C10: ラインを一意に識別するコード | D10: 10FH75-01
A11: =ROW()-8 -> 3 | B11: PF名 | C11: ラインに紐づくプラットフォーム名 | D11: F2
A12: =ROW()-8 -> 4 | B12: 製品型 | C12: FH/NCBの区分 | D12: FH

Sheet 停止要因マスタ
A1: テーブル一覧シートへ
A2: No | C2: M02
A3: テーブル種別 | C3: =_xlfn.XLOOKUP($C$2,テーブル一覧!$B:$B,テーブル一覧!$C:$C) -> マスタ
A4: テーブル物理名 | C4: =_xlfn.XLOOKUP($C$2,テーブル一覧!$B:$B,テーブル一覧!$D:$D) -> mst_停止要因
A5: テーブル論理名 | C5: =_xlfn.XLOOKUP($C$2,テーブル一覧!$B:$B,テーブル一覧!$E:$E) -> 停止要因マスタ
A6: 取得元システム | C6: =_xlfn.XLOOKUP($C$2,テーブル一覧!$B:$B,テーブル一覧!$F:$F) -> NAS
A8: No | B8: 列名 | C8: 概要 | D8: 凡例 | E8: 備考
A9: =ROW()-8 -> 1 | B9: 要因No | C9: 停止要因のNoを一覧に識別するコード | D9: 0
A10: =ROW()-8 -> 2 | B10: 停止要因項目 | C10: 停止要因の項目名 | D10: 運転中

Sheet 手配先マスタ
A1: テーブル一覧シートへ
A2: No | C2: M03
A3: テーブル種別 | C3: =_xlfn.XLOOKUP($C$2,テーブル一覧!$B:$B,テーブル一覧!$C:$C) -> マスタ
A4: テーブル物理名 | C4: =_xlfn.XLOOKUP($C$2,テーブル一覧!$B:$B,テーブル一覧!$D:$D) -> mst_手配先
A5: テーブル論理名 | C5: =_xlfn.XLOOKUP($C$2,テーブル一覧!$B:$B,テーブル一覧!$E:$E) -> 手配先マスタ
A6: 取得元システム | C6: =_xlfn.XLOOKUP($C$2,テーブル一覧!$B:$B,テーブル一覧!$F:$F) -> NAS
A8: No | B8: 列名 | C8: 概要 | D8: 凡例 | E8: 備考
A9: =ROW()-8 -> 1 | B9: 手配先コード | C9: 手配先を一覧に識別するコード | D9: 0002301
A10: =ROW()-8 -> 2 | B10: 手配先名 | C10: 手配先の名称 | D10: 有限会社エムデー

Sheet cavマスタ
A1: テーブル一覧シートへ
A2: No | C2: M04
A3: テーブル種別 | C3: =_xlfn.XLOOKUP($C$2,テーブル一覧!$B:$B,テーブル一覧!$C:$C) -> マスタ
A4: テーブル物理名 | C4: =_xlfn.XLOOKUP($C$2,テーブル一覧!$B:$B,テーブル一覧!$D:$D) -> mst_cav一覧
A5: テーブル論理名 | C5: =_xlfn.XLOOKUP($C$2,テーブル一覧!$B:$B,テーブル一覧!$E:$E) -> cavマスタ
A6: 取得元システム | C6: =_xlfn.XLOOKUP($C$2,テーブル一覧!$B:$B,テーブル一覧!$F:$F) -> cav情報マスタ.xlsx
A8: No | B8: 列名 | C8: 概要 | D8: 凡例 | E8: 備考
A9: =ROW()-8 -> 1 | B9: チェックシートSEQ | D9: 42
A10: =ROW()-8 -> 2 | B10: チェックシート帳票名 | D10: FH75-40S工顕データ
A11: =ROW()-8 -> 3 | B11: 測定箇所SEQ | D11: 20
A12: =ROW()-8 -> 4 | B12: 測定箇所名 | D12: ケースキャビ
A13: =ROW()-8 -> 5 | B13: データID | D13: 42_20

Sheet STOP_LOG
A1: テーブル一覧シートへ
A2: No | C2: T01
A3: テーブル種別 | C3: =_xlfn.XLOOKUP($C$2,テーブル一覧!$B:$B,テーブル一覧!$C:$C) -> トランザクション
A4: テーブル物理名 | C4: =_xlfn.XLOOKUP($C$2,テーブル一覧!$B:$B,テーブル一覧!$D:$D) -> STOP_LOG
A5: テーブル論理名 | C5: =_xlfn.XLOOKUP($C$2,テーブル一覧!$B:$B,テーブル一覧!$E:$E) -> STOP_LOG
A6: 取得元システム | C6: =_xlfn.XLOOKUP($C$2,テーブル一覧!$B:$B,テーブル一覧!$F:$F) -> NAS
A8: No | B8: 列名 | C8: 概要 | D8: 凡例 | E8: 備考
A9: =ROW()-8 -> 1 | B9: 時刻 | C9: 稼働ステータスが変動した時刻 | D9: 2023/06/01 08:00:01
A10: =ROW()-8 -> 2 | B10: Nコード | D10: N000002169
A11: =ROW()-8 -> 3 | B11: 手配先コード | C11: 手配先を一意に識別するコード | D11: 0416901 | E11: 場所グループコード
A12: =ROW()-8 -> 4 | B12: ラインNo | C12: ラインを一意に識別するコード | D12: 10FH75-01
A13: =ROW()-8 -> 5 | B13: 稼働ステータス | C13: マシンのステータス状態を表すもの | D13: 1 | E13: 0:開始待 1:開始 2:停止 3:再開 4:終了
A14: =ROW()-8 -> 6 | B14: 要因No | C14: ステータスが遷移した要因のNo | D14: 4

Sheet PROD_LOG
A1: テーブル一覧シートへ
A2: No | C2: T02
A3: テーブル種別 | C3: =_xlfn.XLOOKUP($C$2,テーブル一覧!$B:$B,テーブル一覧!$C:$C) -> トランザクション
A4: テーブル物理名 | C4: =_xlfn.XLOOKUP($C$2,テーブル一覧!$B:$B,テーブル一覧!$D:$D) -> PROD_LOG
A5: テーブル論理名 | C5: =_xlfn.XLOOKUP($C$2,テーブル一覧!$B:$B,テーブル一覧!$E:$E) -> PROD_LOG
A6: 取得元システム | C6: =_xlfn.XLOOKUP($C$2,テーブル一覧!$B:$B,テーブル一覧!$F:$F) -> NAS
A8: No | B8: 列名 | C8: 概要 | D8: 凡例 | E8: 備考
A9: =ROW()-8 -> 1 | B9: 時刻 | C9: レコードが生成された時刻 | D9: 2023/06/02 08:00:00
A10: =ROW()-8 -> 2 | B10: Nコード | D10: N000001514
A11: =ROW()-8 -> 3 | B11: 手配先コード | C11: 手配先を一意に識別するコード | D11: 0416901 | E11: 場所グループコード
A12: =ROW()-8 -> 4 | B12: ラインNo | C12: ラインを一意に識別するコード | D12: 10FH75-06
A13: =ROW()-8 -> 5 | B13: 生産ステータス | C13: マシンのステータス状態を表すもの | D13: 4 | E13: 0:生産開始 1:定時 2：一時停止 3:生産終了 4:定時終了
A14: =ROW()-8 -> 6 | B14: 投入数 | C14: - | D14: 12438 | E14: 単位：個
A15: =ROW()-8 -> 7 | B15: 生産数 | C15: - | D15: 12417 | E15: 単位：個
A16: =ROW()-8 -> 8 | B16: 梱包数 | C16: - | D16: 12159 | E16: 単位：個
A17: =ROW()-8 -> 9 | B17: 現在計画数 | C17: - | D17: 12000 | E17: 単位：個
A18: =ROW()-8 -> 10 | B18: 進捗率 | C18: - | D18: 101.3 | E18: 単位：％
A19: =ROW()-8 -> 11 | B19: 計画数 | C19: １日の計画数 | D19: 12000 | E19: 単位：個
A20: =ROW()-8 -> 12 | B20: 計画マシンタクト | C20: - | D20: 515 | E20: 単位：10ms
A21: =ROW()-8 -> 13 | B21: 平均タクト | C21: - | D21: 554 | E21: 単位：10ms
A22: =ROW()-8 -> 14 | B22: 不良数 | C22: - | D22: 6 | E22: 単位：個
A23: =ROW()-8 -> 15 | B23: 不良率ppm | C23: - | D23: 482

Sheet 数値検査_LOG
A1: テーブル一覧シートへ
A2: No | C2: T03
A3: テーブル種別 | C3: =_xlfn.XLOOKUP($C$2,テーブル一覧!$B:$B,テーブル一覧!$C:$C) -> トランザクション
A4: テーブル物理名 | C4: =_xlfn.XLOOKUP($C$2,テーブル一覧!$B:$B,テーブル一覧!$D:$D) -> 数値検査_LOG
A5: テーブル論理名 | C5: =_xlfn.XLOOKUP($C$2,テーブル一覧!$B:$B,テーブル一覧!$E:$E) -> 数値検査_LOG
A6: 取得元システム | C6: =_xlfn.XLOOKUP($C$2,テーブル一覧!$B:$B,テーブル一覧!$F:$F) -> NAS
A8: No | B8: 列名 | C8: 概要 | D8: 凡例 | E8: 備考
A9: =ROW()-8 -> 1 | B9: チェックシートSEQ | D9: 42
A10: =ROW()-8 -> 2 | B10: チェックシート帳票名 | D10: FH75-40S工顕データ | E10: 未使用だがそのまま取り込む
A11: =ROW()-8 -> 3 | B11: 手配先コード | D11: 1218601 | E11: 未使用だがそのまま取り込む
A12: =ROW()-8 -> 4 | B12: 手配先名 | D12: 東北ヒロセ電機 CIPPS2･3 | E12: 未使用だがそのまま取り込む
A13: =ROW()-8 -> 5 | B13: ラインNo. | D13: 10FH75-01
A14: =ROW()-8 -> 6 | B14: 製造書指示番号 | D14: 167748571
A15: =ROW()-8 -> 7 | B15: ロットNo | D15: 230501-01-1
A16: =ROW()-8 -> 8 | B16: 着手日 | D16: 45047
A17: =ROW()-8 -> 9 | B17: 品目コード | D17: 580-5300-0 00 | E17: 未使用だがそのまま取り込む
A18: =ROW()-8 -> 10 | B18: 品名 | D18: FH75-40S-0.5SH
A19: =ROW()-8 -> 11 | B19: 測定箇所SEQ | D19: 1
A20: =ROW()-8 -> 12 | B20: 測定箇所名 | D20: 端子圧入寸法_L側
A21: =ROW()-8 -> 13 | B21: 検査タイプ | D21: 020
A22: =ROW()-8 -> 14 | B22: 検査工程名 | D22: 中間
A23: =ROW()-8 -> 15 | B23: Ｎ数 | D23: 1
A24: =ROW()-8 -> 16 | B24: 測定値 | D24: 0.054
A25: =ROW()-8 -> 17 | B25: 基準
A26: =ROW()-8 -> 18 | B26: 上限
A27: =ROW()-8 -> 19 | B27: 下限
A28: =ROW()-8 -> 20 | B28: XBAR_CL
A29: =ROW()-8 -> 21 | B29: XBAR_UCL
A30: =ROW()-8 -> 22 | B30: XBAR_LCL
A31: =ROW()-8 -> 23 | B31: R_CL
A32: =ROW()-8 -> 24 | B32: R_UCL
A33: =ROW()-8 -> 25 | B33: R_LCL
